{
  "0.5": {
    "errors": {
      "L2_Strain_A": 0.21261846176189958,
      "L2_Strain_B": 0.03054502909078839,
      "L2_glucose": 0.24654058645901727,
      "L2_acetate": 0.37057954911036756
    },
    "wall_s": 0.02856379099999984,
    "n_steps": 16
  },
  "0.1": {
    "errors": {
      "L2_Strain_A": 0.04943604694962026,
      "L2_Strain_B": 0.00686965182209654,
      "L2_glucose": 0.05914387710026523,
      "L2_acetate": 0.09840018533381971
    },
    "wall_s": 0.13845820900000305,
    "n_steps": 80
  },
  "0.05": {
    "errors": {
      "L2_Strain_A": 0.02504481932065077,
      "L2_Strain_B": 0.0034353860241421773,
      "L2_glucose": 0.030221638419012473,
      "L2_acetate": 0.05309613382373557
    },
    "wall_s": 0.2787558339999947,
    "n_steps": 160
  },
  "0.01": {
    "errors": {
      "L2_Strain_A": 0.0052041355146381285,
      "L2_Strain_B": 0.000599394617156186,
      "L2_glucose": 0.005920033271185594,
      "L2_acetate": 0.010047319605063143
    },
    "wall_s": 1.3960620829999968,
    "n_steps": 800
  },
  "0.005": {
    "errors": {
      "L2_Strain_A": 0.0023765384219317977,
      "L2_Strain_B": 0.00026296154974728576,
      "L2_glucose": 0.0028095793137918306,
      "L2_acetate": 0.004751547281341251
    },
    "wall_s": 2.7755832080000005,
    "n_steps": 1600
  },
  "0.001": {
    "errors": {
      "L2_Strain_A": 0.00026014479345456553,
      "L2_Strain_B": 4.330327777123585e-05,
      "L2_glucose": 0.00031279499070177954,
      "L2_acetate": 0.0005286937553330532
    },
    "wall_s": 14.047746665999995,
    "n_steps": 8000
  }
}